id,prediction_file,simulation_file,n_predicted,missing_events
1,/nfs/cms/arqolmo/GPU_train/mlpf/trained_models/pred_1/sd_hgb_particles.pkl,/pnfs/ciemat.es/data/cms/store/user/cepeda/FCC/FullSim/ZTauTau_SMPol_25Sept_MuonFix/out_reco_edm4hep_edm4hep_1.root,1000,[]
2,/nfs/cms/arqolmo/GPU_train/mlpf/trained_models/pred_2/sd_hgb_particles.pkl,/pnfs/ciemat.es/data/cms/store/user/cepeda/FCC/FullSim/ZTauTau_SMPol_25Sept_MuonFix/out_reco_edm4hep_edm4hep_2.root,998,"[640, 720]"
3,/nfs/cms/arqolmo/GPU_train/mlpf/trained_models/pred_3/sd_hgb_particles.pkl,/pnfs/ciemat.es/data/cms/store/user/cepeda/FCC/FullSim/ZTauTau_SMPol_25Sept_MuonFix/out_reco_edm4hep_edm4hep_3.root,1000,[]
4,/nfs/cms/arqolmo/GPU_train/mlpf/trained_models/pred_4/sd_hgb_particles.pkl,/pnfs/ciemat.es/data/cms/store/user/cepeda/FCC/FullSim/ZTauTau_SMPol_25Sept_MuonFix/out_reco_edm4hep_edm4hep_4.root,1000,[]
5,/nfs/cms/arqolmo/GPU_train/mlpf/trained_models/pred_5/sd_hgb_particles.pkl,/pnfs/ciemat.es/data/cms/store/user/cepeda/FCC/FullSim/ZTauTau_SMPol_25Sept_MuonFix/out_reco_edm4hep_edm4hep_5.root,998,"[466, 911]"
6,/nfs/cms/arqolmo/GPU_train/mlpf/trained_models/pred_6/sd_hgb_particles.pkl,/pnfs/ciemat.es/data/cms/store/user/cepeda/FCC/FullSim/ZTauTau_SMPol_25Sept_MuonFix/out_reco_edm4hep_edm4hep_6.root,999,[112]
7,/nfs/cms/arqolmo/GPU_train/mlpf/trained_models/pred_7/sd_hgb_particles.pkl,/pnfs/ciemat.es/data/cms/store/user/cepeda/FCC/FullSim/ZTauTau_SMPol_25Sept_MuonFix/out_reco_edm4hep_edm4hep_7.root,1000,[]
8,/nfs/cms/arqolmo/GPU_train/mlpf/trained_models/pred_8/sd_hgb_particles.pkl,/pnfs/ciemat.es/data/cms/store/user/cepeda/FCC/FullSim/ZTauTau_SMPol_25Sept_MuonFix/out_reco_edm4hep_edm4hep_8.root,1000,[]
9,/nfs/cms/arqolmo/GPU_train/mlpf/trained_models/pred_9/sd_hgb_particles.pkl,/pnfs/ciemat.es/data/cms/store/user/cepeda/FCC/FullSim/ZTauTau_SMPol_25Sept_MuonFix/out_reco_edm4hep_edm4hep_9.root,997,"[83, 555, 620]"
10,/nfs/cms/arqolmo/GPU_train/mlpf/trained_models/pred_10/sd_hgb_particles.pkl,/pnfs/ciemat.es/data/cms/store/user/cepeda/FCC/FullSim/ZTauTau_SMPol_25Sept_MuonFix/out_reco_edm4hep_edm4hep_10.root,998,"[210, 972]"
11,/nfs/cms/arqolmo/GPU_train/mlpf/trained_models/pred_11/sd_hgb_particles.pkl,/pnfs/ciemat.es/data/cms/store/user/cepeda/FCC/FullSim/ZTauTau_SMPol_25Sept_MuonFix/out_reco_edm4hep_edm4hep_11.root,997,"[746, 780, 990]"
12,/nfs/cms/arqolmo/GPU_train/mlpf/trained_models/pred_12/sd_hgb_particles.pkl,/pnfs/ciemat.es/data/cms/store/user/cepeda/FCC/FullSim/ZTauTau_SMPol_25Sept_MuonFix/out_reco_edm4hep_edm4hep_12.root,1000,[]
13,/nfs/cms/arqolmo/GPU_train/mlpf/trained_models/pred_13/sd_hgb_particles.pkl,/pnfs/ciemat.es/data/cms/store/user/cepeda/FCC/FullSim/ZTauTau_SMPol_25Sept_MuonFix/out_reco_edm4hep_edm4hep_13.root,999,[503]
14,/nfs/cms/arqolmo/GPU_train/mlpf/trained_models/pred_14/sd_hgb_particles.pkl,/pnfs/ciemat.es/data/cms/store/user/cepeda/FCC/FullSim/ZTauTau_SMPol_25Sept_MuonFix/out_reco_edm4hep_edm4hep_14.root,997,"[134, 726, 829]"
15,/nfs/cms/arqolmo/GPU_train/mlpf/trained_models/pred_15/sd_hgb_particles.pkl,/pnfs/ciemat.es/data/cms/store/user/cepeda/FCC/FullSim/ZTauTau_SMPol_25Sept_MuonFix/out_reco_edm4hep_edm4hep_15.root,999,[14]
16,/nfs/cms/arqolmo/GPU_train/mlpf/trained_models/pred_16/sd_hgb_particles.pkl,/pnfs/ciemat.es/data/cms/store/user/cepeda/FCC/FullSim/ZTauTau_SMPol_25Sept_MuonFix/out_reco_edm4hep_edm4hep_16.root,998,"[618, 679]"
17,/nfs/cms/arqolmo/GPU_train/mlpf/trained_models/pred_17/sd_hgb_particles.pkl,/pnfs/ciemat.es/data/cms/store/user/cepeda/FCC/FullSim/ZTauTau_SMPol_25Sept_MuonFix/out_reco_edm4hep_edm4hep_17.root,997,"[20, 766, 864]"
18,/nfs/cms/arqolmo/GPU_train/mlpf/trained_models/pred_18/sd_hgb_particles.pkl,/pnfs/ciemat.es/data/cms/store/user/cepeda/FCC/FullSim/ZTauTau_SMPol_25Sept_MuonFix/out_reco_edm4hep_edm4hep_18.root,998,"[40, 786]"
19,/nfs/cms/arqolmo/GPU_train/mlpf/trained_models/pred_19/sd_hgb_particles.pkl,/pnfs/ciemat.es/data/cms/store/user/cepeda/FCC/FullSim/ZTauTau_SMPol_25Sept_MuonFix/out_reco_edm4hep_edm4hep_19.root,1000,[]
20,/nfs/cms/arqolmo/GPU_train/mlpf/trained_models/pred_20/sd_hgb_particles.pkl,/pnfs/ciemat.es/data/cms/store/user/cepeda/FCC/FullSim/ZTauTau_SMPol_25Sept_MuonFix/out_reco_edm4hep_edm4hep_20.root,998,"[330, 677]"
21,/nfs/cms/arqolmo/GPU_train/mlpf/trained_models/pred_21/sd_hgb_particles.pkl,/pnfs/ciemat.es/data/cms/store/user/cepeda/FCC/FullSim/ZTauTau_SMPol_25Sept_MuonFix/out_reco_edm4hep_edm4hep_21.root,997,"[12, 103, 278]"
22,/nfs/cms/arqolmo/GPU_train/mlpf/trained_models/pred_22/sd_hgb_particles.pkl,/pnfs/ciemat.es/data/cms/store/user/cepeda/FCC/FullSim/ZTauTau_SMPol_25Sept_MuonFix/out_reco_edm4hep_edm4hep_22.root,998,"[425, 780]"
23,/nfs/cms/arqolmo/GPU_train/mlpf/trained_models/pred_23/sd_hgb_particles.pkl,/pnfs/ciemat.es/data/cms/store/user/cepeda/FCC/FullSim/ZTauTau_SMPol_25Sept_MuonFix/out_reco_edm4hep_edm4hep_23.root,999,[557]
24,/nfs/cms/arqolmo/GPU_train/mlpf/trained_models/pred_24/sd_hgb_particles.pkl,/pnfs/ciemat.es/data/cms/store/user/cepeda/FCC/FullSim/ZTauTau_SMPol_25Sept_MuonFix/out_reco_edm4hep_edm4hep_24.root,994,"[187, 222, 415, 440, 671, 764]"
25,/nfs/cms/arqolmo/GPU_train/mlpf/trained_models/pred_25/sd_hgb_particles.pkl,/pnfs/ciemat.es/data/cms/store/user/cepeda/FCC/FullSim/ZTauTau_SMPol_25Sept_MuonFix/out_reco_edm4hep_edm4hep_25.root,1000,[]
26,/nfs/cms/arqolmo/GPU_train/mlpf/trained_models/pred_26/sd_hgb_particles.pkl,/pnfs/ciemat.es/data/cms/store/user/cepeda/FCC/FullSim/ZTauTau_SMPol_25Sept_MuonFix/out_reco_edm4hep_edm4hep_26.root,1000,[]
27,/nfs/cms/arqolmo/GPU_train/mlpf/trained_models/pred_27/sd_hgb_particles.pkl,/pnfs/ciemat.es/data/cms/store/user/cepeda/FCC/FullSim/ZTauTau_SMPol_25Sept_MuonFix/out_reco_edm4hep_edm4hep_27.root,996,"[273, 504, 553, 725]"
28,/nfs/cms/arqolmo/GPU_train/mlpf/trained_models/pred_28/sd_hgb_particles.pkl,/pnfs/ciemat.es/data/cms/store/user/cepeda/FCC/FullSim/ZTauTau_SMPol_25Sept_MuonFix/out_reco_edm4hep_edm4hep_28.root,999,[865]
29,/nfs/cms/arqolmo/GPU_train/mlpf/trained_models/pred_29/sd_hgb_particles.pkl,/pnfs/ciemat.es/data/cms/store/user/cepeda/FCC/FullSim/ZTauTau_SMPol_25Sept_MuonFix/out_reco_edm4hep_edm4hep_29.root,997,"[108, 453, 470]"
30,/nfs/cms/arqolmo/GPU_train/mlpf/trained_models/pred_30/sd_hgb_particles.pkl,/pnfs/ciemat.es/data/cms/store/user/cepeda/FCC/FullSim/ZTauTau_SMPol_25Sept_MuonFix/out_reco_edm4hep_edm4hep_30.root,999,[890]
31,/nfs/cms/arqolmo/GPU_train/mlpf/trained_models/pred_31/sd_hgb_particles.pkl,/pnfs/ciemat.es/data/cms/store/user/cepeda/FCC/FullSim/ZTauTau_SMPol_25Sept_MuonFix/out_reco_edm4hep_edm4hep_31.root,997,"[681, 729, 907]"
32,/nfs/cms/arqolmo/GPU_train/mlpf/trained_models/pred_32/sd_hgb_particles.pkl,/pnfs/ciemat.es/data/cms/store/user/cepeda/FCC/FullSim/ZTauTau_SMPol_25Sept_MuonFix/out_reco_edm4hep_edm4hep_32.root,998,"[736, 775]"
33,/nfs/cms/arqolmo/GPU_train/mlpf/trained_models/pred_33/sd_hgb_particles.pkl,/pnfs/ciemat.es/data/cms/store/user/cepeda/FCC/FullSim/ZTauTau_SMPol_25Sept_MuonFix/out_reco_edm4hep_edm4hep_33.root,999,[119]
34,/nfs/cms/arqolmo/GPU_train/mlpf/trained_models/pred_34/sd_hgb_particles.pkl,/pnfs/ciemat.es/data/cms/store/user/cepeda/FCC/FullSim/ZTauTau_SMPol_25Sept_MuonFix/out_reco_edm4hep_edm4hep_34.root,998,"[44, 907]"
35,/nfs/cms/arqolmo/GPU_train/mlpf/trained_models/pred_35/sd_hgb_particles.pkl,/pnfs/ciemat.es/data/cms/store/user/cepeda/FCC/FullSim/ZTauTau_SMPol_25Sept_MuonFix/out_reco_edm4hep_edm4hep_35.root,998,"[567, 986]"
36,/nfs/cms/arqolmo/GPU_train/mlpf/trained_models/pred_36/sd_hgb_particles.pkl,/pnfs/ciemat.es/data/cms/store/user/cepeda/FCC/FullSim/ZTauTau_SMPol_25Sept_MuonFix/out_reco_edm4hep_edm4hep_36.root,1000,[]
37,/nfs/cms/arqolmo/GPU_train/mlpf/trained_models/pred_37/sd_hgb_particles.pkl,/pnfs/ciemat.es/data/cms/store/user/cepeda/FCC/FullSim/ZTauTau_SMPol_25Sept_MuonFix/out_reco_edm4hep_edm4hep_37.root,1000,[]
38,/nfs/cms/arqolmo/GPU_train/mlpf/trained_models/pred_38/sd_hgb_particles.pkl,/pnfs/ciemat.es/data/cms/store/user/cepeda/FCC/FullSim/ZTauTau_SMPol_25Sept_MuonFix/out_reco_edm4hep_edm4hep_38.root,999,[717]
39,/nfs/cms/arqolmo/GPU_train/mlpf/trained_models/pred_39/sd_hgb_particles.pkl,/pnfs/ciemat.es/data/cms/store/user/cepeda/FCC/FullSim/ZTauTau_SMPol_25Sept_MuonFix/out_reco_edm4hep_edm4hep_39.root,997,"[401, 514, 616]"
40,/nfs/cms/arqolmo/GPU_train/mlpf/trained_models/pred_40/sd_hgb_particles.pkl,/pnfs/ciemat.es/data/cms/store/user/cepeda/FCC/FullSim/ZTauTau_SMPol_25Sept_MuonFix/out_reco_edm4hep_edm4hep_40.root,1000,[]
41,/nfs/cms/arqolmo/GPU_train/mlpf/trained_models/pred_41/sd_hgb_particles.pkl,/pnfs/ciemat.es/data/cms/store/user/cepeda/FCC/FullSim/ZTauTau_SMPol_25Sept_MuonFix/out_reco_edm4hep_edm4hep_41.root,999,[904]
42,/nfs/cms/arqolmo/GPU_train/mlpf/trained_models/pred_42/sd_hgb_particles.pkl,/pnfs/ciemat.es/data/cms/store/user/cepeda/FCC/FullSim/ZTauTau_SMPol_25Sept_MuonFix/out_reco_edm4hep_edm4hep_42.root,1000,[]
43,/nfs/cms/arqolmo/GPU_train/mlpf/trained_models/pred_43/sd_hgb_particles.pkl,/pnfs/ciemat.es/data/cms/store/user/cepeda/FCC/FullSim/ZTauTau_SMPol_25Sept_MuonFix/out_reco_edm4hep_edm4hep_43.root,999,[341]
44,/nfs/cms/arqolmo/GPU_train/mlpf/trained_models/pred_44/sd_hgb_particles.pkl,/pnfs/ciemat.es/data/cms/store/user/cepeda/FCC/FullSim/ZTauTau_SMPol_25Sept_MuonFix/out_reco_edm4hep_edm4hep_44.root,996,"[302, 373, 785, 986]"
45,/nfs/cms/arqolmo/GPU_train/mlpf/trained_models/pred_45/sd_hgb_particles.pkl,/pnfs/ciemat.es/data/cms/store/user/cepeda/FCC/FullSim/ZTauTau_SMPol_25Sept_MuonFix/out_reco_edm4hep_edm4hep_45.root,997,"[3, 285, 961]"
46,/nfs/cms/arqolmo/GPU_train/mlpf/trained_models/pred_46/sd_hgb_particles.pkl,/pnfs/ciemat.es/data/cms/store/user/cepeda/FCC/FullSim/ZTauTau_SMPol_25Sept_MuonFix/out_reco_edm4hep_edm4hep_46.root,999,[722]
47,/nfs/cms/arqolmo/GPU_train/mlpf/trained_models/pred_47/sd_hgb_particles.pkl,/pnfs/ciemat.es/data/cms/store/user/cepeda/FCC/FullSim/ZTauTau_SMPol_25Sept_MuonFix/out_reco_edm4hep_edm4hep_47.root,993,"[438, 440, 484, 511, 543, 780, 956]"
48,/nfs/cms/arqolmo/GPU_train/mlpf/trained_models/pred_48/sd_hgb_particles.pkl,/pnfs/ciemat.es/data/cms/store/user/cepeda/FCC/FullSim/ZTauTau_SMPol_25Sept_MuonFix/out_reco_edm4hep_edm4hep_48.root,998,"[516, 639]"
49,/nfs/cms/arqolmo/GPU_train/mlpf/trained_models/pred_49/sd_hgb_particles.pkl,/pnfs/ciemat.es/data/cms/store/user/cepeda/FCC/FullSim/ZTauTau_SMPol_25Sept_MuonFix/out_reco_edm4hep_edm4hep_49.root,997,"[121, 186, 540]"
50,/nfs/cms/arqolmo/GPU_train/mlpf/trained_models/pred_50/sd_hgb_particles.pkl,/pnfs/ciemat.es/data/cms/store/user/cepeda/FCC/FullSim/ZTauTau_SMPol_25Sept_MuonFix/out_reco_edm4hep_edm4hep_50.root,998,"[377, 635]"
